{
  "timeZone": "America/Toronto",
  "exceptionLogging": "STACKDRIVER",
  "runtimeVersion": "V8",
  "dependencies": {
    "enabledAdvancedServices": [
      {
        "userSymbol": "Drive",
        "serviceId": "drive",
        "version": "v3"
      }
    ],
    "libraries": [
      {
        "userSymbol": "SI",
        "libraryId": "1anbRn50vnC1Jka-mnKi9p6Ct71vYouhPDn4r19EwNXKea6FP0NuKaAwg",
        "version": "0",
        "developmentMode": true
      }
    ]
  },
  "webapp": {
    "executeAs": "USER_DEPLOYING",
    "access": "ANYONE_ANONYMOUS"
  }
}