{
  "library-si\\src\\utils.js": [
    "_buildAllowOrphanConfig_",
    "_csvToSetU_",
    "_debugType_",
    "_isCancelledStatus_",
    "_loadUnifiedGroupMappings_",
    "_mg_cacheKey_",
    "_normMapGenre",
    "_norm_",
    "_paramOr_",
    "_readRulesJson_",
    "_safeRegex_",
    "_t",
    "_toIntOrNull",
    "appendImportLog_",
    "appendObjectsToSheet_",
    "assertSheet_",
    "assertSpreadsheet_",
    "birthYearFromRow_",
    "buildKeyFromRow_",
    "bytesToHex_",
    "colIdx",
    "collectEmailsFromRow_",
    "computeRowHash_",
    "computeUForYear_",
    "deriveAudience_",
    "deriveCatCodeFromTags_",
    "deriveIsCoachFee_",
    "derivePaymentStatus_",
    "deriveProgramBand_",
    "deriveSectorFromRow_",
    "deriveTags_",
    "deriveUFromRow_",
    "ensureArchiveSubfolder_",
    "ensureCoreSheets_",
    "ensureMailOutbox_",
    "ensureSpreadsheet_",
    "ensureSubfolderUnder_",
    "extractSpreadsheetId_",
    "getHeadersIndex_",
    "getKeyColsFromParams_",
    "getMailOutboxHeaders_",
    "getMembresIndex_",
    "getSeasonSpreadsheet_",
    "getSheetOrCreate_",
    "idx",
    "isAllowedOrphan_",
    "isKeyComplete_",
    "isRowCompletelyEmpty_",
    "jsonCompact_",
    "listActiveOccurrencesForPassport_",
    "log_",
    "makePS_",
    "moveFileIdToFolderIdV3_",
    "normLower_",
    "norm_",
    "normalizePassportPlain8_",
    "normalizePassportToText8_",
    "overwriteSheet_",
    "parseSeasonYear_",
    "pickAgeBracketFromLedgerRows_",
    "pickPrimaryEmail_",
    "prefixFirstColWithApostrophe_",
    "readParam_",
    "readSheetAsObjects_",
    "safeGetSheet_",
    "setCancelFlags_",
    "setSeasonIdGlobalOnce",
    "slugify_",
    "writeObjectsToSheet_",
    "writeStaging_"
  ],
  "library-si\\src\\source.js": [
    "NORM",
    "PhotoStatusByYear_",
    "_addEmails_",
    "_augLog_",
    "_birthYearFrom_",
    "_cdpCountFromName_",
    "_compileCsvToSet_",
    "_compileKeywordsToRegex_",
    "_errRow_",
    "_erreursHeader_",
    "_feeIgnoredLocal_",
    "_feeKey_",
    "_getCompiledRulesOrFallback_",
    "_getExclusiveGroup",
    "_getPhotoCutoffDate_",
    "_indexBy_",
    "_isCdpName_",
    "_isEliteName_",
    "_isIgnoredLedgerRow_",
    "_isPhotoNotRequiredBracket_",
    "_nl_",
    "_pickSheetName_",
    "_pushEmail",
    "_rulesBuildErrorsFast_",
    "_rulesClearErreursSheet_",
    "_rulesUpsertForPassports_",
    "_rulesWriteFull_",
    "_seasonYear_",
    "_simplifyArticles",
    "_simplifyInscriptions",
    "_sx_absWarnDate_",
    "_sx_needsPhoto_",
    "_sx_photoStr_",
    "_toPassportSet_",
    "_toSet_",
    "audienceFromTags_",
    "birthYearFromStr_",
    "bootstrapAugmentations_",
    "buildAchatsLedger_",
    "buildJoueursIndex_",
    "buildRetroMembresRowsSelected_",
    "c",
    "catFromTags_",
    "computePhotoStatusByYear_",
    "consider_",
    "deriveTagsLocal_",
    "evaluateSeasonRulesIncrFast_",
    "feeGroup_",
    "getName_",
    "get_",
    "isActiveForSeason_",
    "isCampName_",
    "isU7U8SecondSessionName_",
    "isU7U8SecteurName_",
    "looksSecondSession_",
    "makePS_",
    "makeRowHash_",
    "matchIgnore_",
    "mkLower_",
    "needPhoto",
    "normName_",
    "parseJSONSafe_",
    "parseMoney_",
    "paymentStatus_",
    "photoStatusWithCutoff",
    "pickAgeBracketFromLedgerRows_",
    "pickPrimaryEmail_",
    "programBandFromTags_",
    "refreshPhotoStrInJoueurs_",
    "runEvaluateRulesFast_",
    "runPostImportAugmentations_",
    "slugify_",
    "statusFor",
    "tagsLower_",
    "toIgnoreArr_",
    "truthy",
    "uMaxFromBracket",
    "uRangeFromBracket_",
    "updateAchatsLedgerForPassports_",
    "updateJoueursForPassports_"
  ],
  "library-si\\src\\rules.js": [
    "NORM",
    "RL_isIgnoredFeeRetroLocal_",
    "RL_norm_",
    "_articleDupKey_",
    "_debugType_",
    "_hay_",
    "_matchAny_",
    "_psKey_",
    "_rulesBuildErrorsIncrFast_",
    "_rulesUpsertForPassports_",
    "_rulesWriteFull_",
    "_splitKeys_",
    "birthYearFromRow_",
    "buildInscDupKey_",
    "computeUForYear_",
    "deriveUFromRow_",
    "dict_",
    "ensureSpreadsheet_",
    "evaluateSeasonRules",
    "extractSpreadsheetId_",
    "getCoachKeywordsCsv_",
    "idx",
    "isActive_",
    "isAdapteMember_",
    "isCoachFeeByName_",
    "isCoachMember_",
    "isIgnoredFeeRetro_",
    "listActiveOccurrencesForPassport_",
    "loadArticlesCatalog_",
    "normalizePassportPlain8_",
    "normalizePassportToText8_",
    "parseSeasonYear_",
    "rowPassInFilter_",
    "runEvaluateRulesFast_",
    "shouldWrite_",
    "writeErr_"
  ],
  "library-si\\src\\retro_membres.js": [
    "RM_extractU_",
    "RM_hasEliteTag_",
    "RM_isEliteByName_",
    "RM_isInscriptionLedgerRow_",
    "RM_key_",
    "RM_tagsToString_",
    "_computeCDPFromLedgerByMapKey_",
    "_computePhotoCell_",
    "_containsAny_",
    "_csvEsc_",
    "_extractBirthYearLoose_",
    "_feeIgnored_",
    "_genreToMF_",
    "_isActiveRow_",
    "_loadMutationsSet_",
    "_normP8_",
    "_nrmLower_",
    "_nrm_",
    "_parseSeasonYear_",
    "_r_getFieldText_",
    "_r_matchWhen_",
    "_r_normLower_",
    "_rm_absWarnDate_",
    "_rm_extractU_",
    "_rm_filterRowsByPassports_",
    "_rm_getAbsWarnDate_",
    "_rm_hasEliteTag_",
    "_rm_isEliteByName_",
    "_rm_needPhotoByFields_",
    "_rm_needsPhoto_",
    "_rm_norm_passport_",
    "_rm_photoStrStrict_",
    "_rm_readTouchedPassportSet_",
    "_rm_statusFromFields_",
    "_rm_truthy_",
    "_rulesClearErreursSheet_",
    "_safeDate_",
    "_yyyy_mm_dd_",
    "applyRetroMemberRules_",
    "applyRetroRowRules_",
    "buildRetroMembresRows",
    "buildRetroMembresRowsFromJoueurs_",
    "ensureMember_",
    "exportRetroMembresXlsxToDrive",
    "loadRetroRules_",
    "runEvaluateRules",
    "runEvaluateRulesFast_",
    "writeRetroMembresSheet"
  ],
  "library-si\\src\\retro_groupes_articles.js": [
    "_ageU2_",
    "_aliasMatchExplain_",
    "_applyUnifiedMapping_",
    "_dbg_",
    "_findArticleMappingCandidates_",
    "_fmt",
    "_ga_U_",
    "_ga_ageCat_",
    "_ga_applyRowRulesMaybeSkip_",
    "_ga_buildMemberIndex_",
    "_ga_computeUandU2_",
    "_ga_containsAny_",
    "_ga_deriveAgeYear_",
    "_ga_extractGenreSmart_",
    "_ga_extractUFromFeeText_",
    "_ga_filterRowsByPassports_",
    "_ga_isActiveArticle_",
    "_ga_isActiveInsc_",
    "_ga_loadRules_",
    "_ga_low_",
    "_ga_norm_passport_",
    "_ga_nrm_",
    "_ga_pad2_",
    "_ga_readTouchedPassportSet_",
    "_ga_tpl_",
    "_ga_truthy_",
    "_genreInit_",
    "_hasAny",
    "_low_",
    "_nrmLow",
    "_overlaps",
    "_writeRetroErrors_",
    "buildRetroGroupeArticlesRows",
    "buildRetroGroupesArticlesRowsFromLedger_",
    "ensure",
    "exportRetroGroupeArticlesXlsxToDrive",
    "loadRetroRules_",
    "mergeFromRow",
    "writeRetroGroupeArticlesSheet"
  ],
  "library-si\\src\\retro_groupes.js": [
    "_ageU2_",
    "_applyUnifiedMapping_",
    "_containsAny_",
    "_extractUNumFromText",
    "_filterRowsByPassports_",
    "_fmt",
    "_genreInit_",
    "_hasAdaptMark",
    "_hasAny",
    "_hasCDPMark",
    "_isAdaptedJ_",
    "_isTrue_",
    "_low_",
    "_normalizePassportText8_",
    "_nrm",
    "_nrmLower_",
    "_overlaps",
    "_p8_",
    "_postProcessRowsForCDP0AndAdapted_",
    "_readTouchedPassportSet_",
    "_rg_U_",
    "_rg_ageCat_",
    "_rg_applyRowRulesMaybeSkip_",
    "_rg_buildEliteInscPassportSet_",
    "_rg_buildElitePassportSet_",
    "_rg_computeUandU2_",
    "_rg_containsAny_",
    "_rg_csvEsc_",
    "_rg_deriveBirthYearFromRow_",
    "_rg_extractFromArticlePair_",
    "_rg_extractUFromArticle_",
    "_rg_genreInitiale_",
    "_rg_isActiveRow_",
    "_rg_loadRules_",
    "_rg_low_",
    "_rg_nrm_",
    "_rg_pad2_",
    "_rg_tpl_",
    "_selectExclusiveOverrides_",
    "_selectMemberMap_",
    "_tpl_",
    "_truthy_",
    "_uNum_",
    "buildRetroGroupesRows",
    "buildRetroGroupesRowsFromJoueursLedger_",
    "exportRetroGroupesAllXlsxToDrive",
    "exportRetroGroupesXlsxToDrive",
    "loadRetroRules_",
    "writeRetroGroupesSheet"
  ],
  "library-si\\src\\index.js": [
    "_rulesBuildErrorsIncrFast_",
    "runEvaluateRulesFast_",
    "runExportRetroMembres"
  ],
  "library-si\\src\\import.js": [
    "applyIncrementalForArticles_",
    "applyIncrementalForInscriptions_",
    "ensureSpreadsheetFromFile_",
    "extToContentType_",
    "getLastTouchedPassports_",
    "importerDonneesSaison",
    "inferTargetFromName_",
    "initSeasonFile",
    "isConvertibleSpreadsheetMime_",
    "isSpreadsheetMime_",
    "keyOf",
    "log_",
    "nettoyerConversionsSaison",
    "readFirstSheetValues_",
    "scanImportFiles_",
    "trimErreursIncremental_",
    "unionPassportArrays_"
  ],
  "library-si\\src\\email.js": [
    "_U_U2_FromRow_",
    "__sendSummariesV2__",
    "_attachmentsFromCsv_",
    "_bandFromText_",
    "_coachCsv_",
    "_containsEliteKeyword_",
    "_firstNonEmpty_",
    "_genreInitFromRow_",
    "_genreInit_",
    "_getAttachBlobsByIds_",
    "_getMailSectorsSheet_",
    "_isCoachFeeByNameSafe_",
    "_isCoachMemberSafe_",
    "_loadMailSectors_",
    "_loadOutboxDedupSets_",
    "_makeKeyHash_",
    "_matchSectorForType_",
    "_naturalOutboxKey_",
    "_normFold_",
    "_normNoAccentsLower_",
    "_normP8_",
    "_normText",
    "_normalizeEmailsCsv_",
    "_normalizeP8_",
    "_parseAttachIdsCsv_",
    "_programBandFromU_",
    "_resolveToFromJoueur_",
    "_rg_csvEsc_",
    "_stripHtml_",
    "_toProperCase_",
    "_typeFamily_",
    "_uNumberFromJ_",
    "appendImportLog_",
    "bandOfSecteur_",
    "birthYearFromRow_",
    "buildDataFromRow_",
    "col",
    "collectEmailsFromRow_",
    "computeUForYear_",
    "deriveSectorFromRow_",
    "deriveUFromRow_",
    "enqueueOutboxRows_",
    "enqueueValidationMailsFromErreursFast_",
    "enqueueWelcomeFromJoueursFast_",
    "ensureHeadersOrder_",
    "ensureMailOutbox_",
    "extractOtherProducts_",
    "fmtDate",
    "getHeadersIndex_",
    "getMailOutboxHeaders_",
    "getSeasonSpreadsheet_",
    "getSheetOrCreate_",
    "inferBandFromSecteurId_",
    "isExcludedMember_",
    "norm_",
    "parseSeasonYear_",
    "put",
    "readParam_",
    "readSheetAsObjects_",
    "renderTemplate_",
    "scoreOf_",
    "sendPendingOutbox",
    "sendSummaryFor_",
    "to8",
    "toSet_",
    "tz",
    "upgradeMailOutboxForDisplay_",
    "val"
  ],
  "library-si\\src\\diff_inscriptions.js": [
    "_isCancelledStatus_",
    "_isCoachFromFeeName_",
    "_isCoachMemberSafe_",
    "_norm_",
    "buildKeyFromRow_",
    "diffInscriptions_",
    "ensureCol_",
    "ensureControlCols_",
    "ensureLogSheetWithHeaders_",
    "getKeyColsFromParams_",
    "occurrenceLabel_",
    "rowHash_",
    "rowIsActive_",
    "setIf",
    "touch_"
  ],
  "library-si\\src\\diff_articles.js": [
    "_isCancelledStatus_",
    "buildArticleKey_",
    "buildKeyFromRow_",
    "diffArticles_",
    "ensureCol_",
    "ensureControlCols_",
    "ensureLogSheetWithHeaders_",
    "getKeyColsFromParams_",
    "jsonCompact_",
    "occurrenceLabel_",
    "rowHash_",
    "rowIsActive_",
    "touch_"
  ],
  "library-si\\src\\constants.js": [],
  "library-si\\src\\admin_migration.js": [
    "b",
    "ensureCol_",
    "i",
    "migrateMappingsToUnified_",
    "oneTimeNormalizeFinalsAndRehash_",
    "parseSection",
    "s"
  ],
  "dashboard\\src\\server_utils.js": [
    "_auditLog_",
    "_coerceByType_",
    "_err",
    "_inferSeasonLabelFromTitle_",
    "_ok",
    "_registry_",
    "_upsertParam_",
    "_wrap",
    "getSeasonId_",
    "getSeasonSpreadsheet_",
    "getSheet_",
    "isIgnoredFeeRetro_",
    "norm_",
    "readBoolParam_",
    "readParamValue",
    "setParamValue",
    "setSeasonSheetIdOnce"
  ],
  "dashboard\\src\\server_seasons.js": [
    "cloneSeason",
    "getSeasonList",
    "registerExistingSeason",
    "setActiveSeason"
  ],
  "dashboard\\src\\server_rules.js": [
    "_getSeasonSS_",
    "_pickFastBuilder_",
    "_rulesUpsertForPassports_bridge",
    "_rulesWriteFull_bridge",
    "evaluateSeasonRulesIncr",
    "runEvaluateRules",
    "runEvaluateRulesFast_",
    "runEvaluateRulesIncrFromLastTouched"
  ],
  "dashboard\\src\\server_params.js": [
    "getParams",
    "getParamsDetailed",
    "idxOf",
    "setParams"
  ],
  "dashboard\\src\\server_membres.js": [
    "API_VM_fullRefresh",
    "API_VM_importToGlobal",
    "API_VM_refreshSeasonSubset",
    "__openByIdWithRetry__",
    "__writeImportLogLocal__",
    "_safeSheetName_",
    "_vm_convertXlsxBlobToSpreadsheet_",
    "_vm_ensureHeader_",
    "_vm_ensureSpreadsheetFromFile_",
    "_vm_findLatestActiveFile_",
    "_vm_groupRuns_",
    "_vm_hashRow_",
    "_vm_indexCols_",
    "_vm_notifyImportMembres_",
    "_vm_nowISO_",
    "_vm_readFileAsSheetValues_",
    "_vm_rowValues_",
    "_vm_to01_",
    "_vm_toISODate_",
    "buildSeasonPassportSet_",
    "colG_",
    "colL_",
    "col_",
    "collect_",
    "findIdx_",
    "getSheetOrCreate_",
    "getSheet_",
    "importValidationMembresToGlobal_",
    "nightlyRefreshMembresGlobalSubset",
    "normalizePassportPlain8_",
    "pickPrimaryEmail_",
    "runSyncMembresGlobalSubsetFromCentral_",
    "syncMembresGlobalSubsetFromCentral_",
    "upsertMembresFromCentralByPassports_"
  ],
  "dashboard\\src\\server_mappings.js": [
    "esc",
    "exportMappingsCsv",
    "getMappings",
    "importMappingsCsv",
    "listMappingSheets",
    "setMappings"
  ],
  "dashboard\\src\\server_mail.js": [
    "_birthYearFromRow_",
    "_blobsFromProbe_",
    "_computeUForYear_",
    "_findFinalRowByPassport_",
    "_genreInitFromRow_",
    "_getAttachBlobs_",
    "_ms_headers_",
    "_ms_readAll_",
    "_ms_sheet_",
    "_ms_writeRow_",
    "_normEmail_",
    "_parseAttachIdsCsv_",
    "_parseSeasonYear_",
    "_probeAttachIds_",
    "_resolveCcForRow_",
    "_resolveSubjectBody_",
    "_resolveToForRow_",
    "_stripHtml_",
    "_toProperCase_",
    "buildDataFromRow_",
    "cell",
    "collectEmailsFromRow_",
    "deleteMailSector",
    "deriveSectorFromRow_",
    "deriveUFromRow_",
    "duplicateMailSector",
    "fetchStagingRowByKeyHash_",
    "getMailSectors",
    "getSeasonSpreadsheet_",
    "previewErrorForPassport",
    "previewSectorForPassport",
    "readParam_",
    "readSheetAsObjects_",
    "renderTemplate_",
    "runMailPipelineSelected_",
    "runMailWorker",
    "runQueueNewFast_",
    "runQueueNew_",
    "runSendPendingOutbox",
    "sendErrorTest",
    "sendSectorTest",
    "upsertMailSector"
  ],
  "dashboard\\src\\server_logs.js": [
    "getLogs"
  ],
  "dashboard\\src\\server_joueurs.js": [
    "API_JO_invalidateCache",
    "API_JO_warm",
    "API_getJoueurDetailLoose",
    "API_listJoueursPage",
    "JO_buildHeaderIndex_",
    "JO_cacheKey_",
    "JO_guessPassportCol_",
    "JO_normPass_",
    "JO_readAll_",
    "JO_val_",
    "LEDGER_byPassport_",
    "LEDGER_cacheKey_",
    "LEDGER_readAll_",
    "col",
    "normBoolish",
    "photoStatus",
    "pick"
  ],
  "dashboard\\src\\server_inscriptions_overview.js": [
    "API_OV_getSummary",
    "API_OV_invalidateCache",
    "OV_aggregate_",
    "OV_hdrMap_",
    "OV_normAccents_",
    "OV_pass8_",
    "OV_pick_",
    "OV_readJoueursQuick_",
    "OV_readLedgerInscriptionRows_",
    "OV_sectorFrom_",
    "ensure"
  ],
  "dashboard\\src\\server_import_logs.js": [
    "_enrichAndSanitizeDetails_",
    "_getRunCtxProps_",
    "_setRunCtxProps_",
    "appendImportLog_",
    "debug_tailImportLog",
    "endImportRun_",
    "getImportLogSummary_",
    "getRecentActivity",
    "getRecentActivityAll",
    "pickIdx_",
    "startImportRun_",
    "summarizeImportResult_"
  ],
  "dashboard\\src\\server_flow.js": [
    "__ping_aug__",
    "_boolParam_",
    "runImportRulesExportsFull",
    "runImportRulesExportsIncr",
    "runPostImportAugmentations_"
  ],
  "dashboard\\src\\server_export_entraineurs.js": [
    "_ex_fetchMembresEntraineurs_",
    "_ex_fetchMembresFromRolesFallback_",
    "_ex_fetchRolesFilteredOnValidCoaches_",
    "_ex_fetchRolesRaw_",
    "_ex_validCoachPassportsSet_",
    "_ex_writeXlsxToDrive_",
    "_getSheet_",
    "_readSheetAsObjectsByName_",
    "appendImportLog_",
    "exportRetroEntraineursGroupesXlsxToDrive",
    "exportRetroEntraineursMembresXlsxToDrive",
    "getJoueursPhotosProblemes",
    "getKpisBoth",
    "getSeasonSpreadsheet_",
    "normalizePassportPlain8_",
    "readParam_",
    "runExportEntraineursGroupes",
    "runExportEntraineursMembres",
    "val"
  ],
  "dashboard\\src\\server_exports.js": [
    "_expPerfCacheBegin_",
    "_expPerfCacheEnd_",
    "_exportCombinedXlsx_",
    "_exportSingleSheetXlsx_",
    "_exportSpreadsheetAsXlsx_",
    "_getTouchedPassportsArray_",
    "_mergeRows_",
    "_retroIncrementalOn_",
    "_withIncrementalDisabled_",
    "_writeSheet_",
    "debugRetroFns",
    "previewErrorForPassport",
    "previewExport",
    "runEvaluateRules",
    "runExport",
    "runExportIncr",
    "runExportRetroGroupes",
    "runExportRetroGroupesIncr",
    "runExportRetroMembres",
    "runExportRetroMembresIncr",
    "runImportAndExports",
    "runImportDry",
    "runImporterDonneesSaison",
    "runRetroExportsIncr",
    "sendErrorTest",
    "smoke_test",
    "testRules"
  ],
  "dashboard\\src\\server_errors.js": [
    "API_ER_invalidateCache",
    "API_ER_warm",
    "API_listErreurs",
    "API_listErreurs_debug",
    "ER_aggregateForUi_",
    "ER_buildHeaderIndex_",
    "ER_cacheKey_",
    "ER_emptyPayload_",
    "ER_getSheetByAliases_",
    "ER_getUiPayload_",
    "ER_groupKey_",
    "ER_groupTitle_",
    "ER_mailOutboxStats_",
    "ER_normLevel_",
    "ER_normPass_",
    "ER_readErrorsRaw_",
    "ER_val_",
    "pick"
  ],
  "dashboard\\src\\server_entrypoint.js": [
    "API_listApis",
    "API_ping",
    "doGet",
    "include",
    "includeEval",
    "log_"
  ],
  "dashboard\\src\\server_entraineurs_sync.js": [
    "SR_syncInscriptionsEntraineurs_",
    "_isCoachMemberSafe_",
    "_se_casierLabel_",
    "_se_computePhotoStatus_",
    "_se_ensureSheetWithHeader_",
    "_se_isActiveRow_",
    "_se_norm_",
    "_se_pass8_",
    "getMembresIndex_",
    "getSeasonSpreadsheet_",
    "gi",
    "normalizePassportPlain8_",
    "readParam_",
    "runSyncInscriptionsEntraineurs"
  ],
  "dashboard\\src\\server_entraineurs.js": [
    "getEntraineursAggreges"
  ],
  "dashboard\\src\\server_entities.js": [],
  "dashboard\\src\\server_ententes.js": [
    "API_ententes_deleteItem",
    "API_ententes_detectAndSync",
    "API_ententes_list",
    "API_ententes_savePlan",
    "API_ententes_updateItem",
    "ENT_bootstrapSheet_",
    "ENT_enrichNamesFromJoueurs_",
    "ENT_readAll_",
    "ENT_readBalancesFromLedger_",
    "EN_buildHeaderIndex_",
    "EN_normPass_",
    "EN_parseCurrency_",
    "EN_todayYmd_",
    "ci",
    "find",
    "pick"
  ],
  "dashboard\\src\\server_debug.js": [
    "_checkAggregates_",
    "_pickSomePassportsFallback_",
    "_pickSomePassports_",
    "debugRebuildAggregatesFull",
    "debugRebuildAggregatesIncr"
  ],
  "dashboard\\src\\server_dashboard.js": [
    "countRows_",
    "findCol_",
    "formatDate_",
    "getDashboardMetrics",
    "getKpiPhotosCasierByType",
    "getMembreFlagsMetrics",
    "getRecentActivity",
    "openSeasonSpreadsheet_",
    "readTable_"
  ],
  "dashboard\\src\\server_annulations.js": [
    "AN_buildPayload_",
    "AN_extractActivesFromJSON_",
    "AN_fmtDateShort_",
    "AN_getSheetAny_",
    "AN_idxHeaders_",
    "AN_keyDate_",
    "AN_normPass_",
    "AN_pickCol_",
    "AN_toPlainPass_",
    "API_AN_invalidateCache",
    "API_AN_warm",
    "API_listAnnulations",
    "API_toggleAnnulationCorrige",
    "ingestCancelled",
    "isCancelledStatus_",
    "readJoueurs"
  ],
  "dashboard\\src\\mappings_test.js": [
    "_articleNameFromRow_",
    "_deriveUFromRow_",
    "_exclusiveConflict",
    "_extractBirthYear_",
    "_getMaxU_",
    "_getSeasonYear_",
    "_matchArticle_",
    "_matchMember_",
    "_minify",
    "_mt_extractGenreSmart_",
    "_norm",
    "_nrmLow",
    "_readActive_",
    "_readUnifiedMappings_",
    "_renderFmt_",
    "_toBool",
    "_toInt",
    "_u2FromU_",
    "idx",
    "testMappings"
  ],
  "dashboard\\src\\Code.js": [
    "_collectInvalidPassportsFromLocal_",
    "_collectTouchedFromImpRes_",
    "_getLastTouchedPassportsSafe_",
    "_nowMs_",
    "debugSeasonId",
    "runExportEntraineursGroupes",
    "runExportEntraineursMembres",
    "runImportValidationMembres",
    "seedSeasonYearOnce"
  ]
}